source,target,post_id
wildshaymin.bsky.social,greaserkitty.bsky.social,at://did:plc:qvuoidjtbprkuc2eeujejkmj/app.bsky.feed.post/3m46hgbmuzc2a
sphyne.bsky.social,pudge.bsky.social,at://did:plc:2a4ishdeosg5gbk2udu5i4gt/app.bsky.feed.post/3m46ft6f5pk2p
melodyyoung.bsky.social,pudge.bsky.social,at://did:plc:2a4ishdeosg5gbk2udu5i4gt/app.bsky.feed.post/3m46ft6f5pk2p
zeboupa.bsky.social,pudge.bsky.social,at://did:plc:2a4ishdeosg5gbk2udu5i4gt/app.bsky.feed.post/3m46ft6f5pk2p
dei-pulsar.bsky.social,yhusky.bsky.social,at://did:plc:hnrle2ermc5kpk6xo35zcd2u/app.bsky.feed.post/3m46dmcw42s2x
pankraru.bsky.social,errorrabbit.bsky.social,at://did:plc:d2h75x6h2fdps6hef64v7xna/app.bsky.feed.post/3m44f7ynxe22c
oozeyoozebourne.bsky.social,errorrabbit.bsky.social,at://did:plc:d2h75x6h2fdps6hef64v7xna/app.bsky.feed.post/3m44f7ynxe22c
bladewielder05.bsky.social,jazziecat.bsky.social,at://did:plc:pw3mbtcj34nh3tnspowys3oj/app.bsky.feed.post/3m444lxencs2w
azureorder.bsky.social,docvanden.bsky.social,at://did:plc:ftwbbrlxqlv7odizvng2djfj/app.bsky.feed.post/3m43cjppcz22w
turn1proxy.bsky.social,docvanden.bsky.social,at://did:plc:ftwbbrlxqlv7odizvng2djfj/app.bsky.feed.post/3m43cjppcz22w
docvanden.bsky.social,docvanden.bsky.social,at://did:plc:ftwbbrlxqlv7odizvng2djfj/app.bsky.feed.post/3m43cjppcz22w
gamingnews-rt.bsky.social,spoopyricotta.bsky.social,at://did:plc:hf7ppxvkrg45a4o2tjrsads5/app.bsky.feed.post/3m42xigz64s2w
dulceratoncita.bsky.social,jesterfreak.bsky.social,at://did:plc:bc63rdcg2daujvpwlidpptns/app.bsky.feed.post/3m42x6oecu22e
anniebot.bsky.social,pap3rtigers.bsky.social,at://did:plc:6koxbejirlyauc5ukqjigpg2/app.bsky.feed.post/3m42u2bfkye2f
ech0knight.bsky.social,pap3rtigers.bsky.social,at://did:plc:6koxbejirlyauc5ukqjigpg2/app.bsky.feed.post/3m42u2bfkye2f
kaar-ne.bsky.social,pap3rtigers.bsky.social,at://did:plc:6koxbejirlyauc5ukqjigpg2/app.bsky.feed.post/3m42u2bfkye2f
eddysalamanca.bsky.social,pap3rtigers.bsky.social,at://did:plc:6koxbejirlyauc5ukqjigpg2/app.bsky.feed.post/3m42u2bfkye2f
typecraft.bsky.social,pap3rtigers.bsky.social,at://did:plc:6koxbejirlyauc5ukqjigpg2/app.bsky.feed.post/3m42u2bfkye2f
beccaseq.bsky.social,pap3rtigers.bsky.social,at://did:plc:6koxbejirlyauc5ukqjigpg2/app.bsky.feed.post/3m42u2bfkye2f
donryu.bsky.social,donryu.bsky.social,at://did:plc:uvg2wgp4kuydmlxwlrvy3jlq/app.bsky.feed.post/3m422zznav22n
lance28.bsky.social,donryu.bsky.social,at://did:plc:uvg2wgp4kuydmlxwlrvy3jlq/app.bsky.feed.post/3m422zznav22n
rad-rab.bsky.social,donryu.bsky.social,at://did:plc:uvg2wgp4kuydmlxwlrvy3jlq/app.bsky.feed.post/3m422zznav22n
taxsermax.bsky.social,donryu.bsky.social,at://did:plc:uvg2wgp4kuydmlxwlrvy3jlq/app.bsky.feed.post/3m422zznav22n
spoopyricotta.bsky.social,spoopyricotta.bsky.social,at://did:plc:hf7ppxvkrg45a4o2tjrsads5/app.bsky.feed.post/3m3zuxhviq22w
gamingnews-rt.bsky.social,spoopyricotta.bsky.social,at://did:plc:hf7ppxvkrg45a4o2tjrsads5/app.bsky.feed.post/3m3zuxhviq22w
streamerbot.bsky.social,megamonkeymike.bsky.social,at://did:plc:dlsrrrnudstjzbbscoszvrj5/app.bsky.feed.post/3m3xkpnjc3c2u
04delta40.bsky.social,eimie7.bsky.social,at://did:plc:uncuulghlhys77l62tbyd7bc/app.bsky.feed.post/3m3tgih6oi225
allowableman2.bsky.social,jlray.bsky.social,at://did:plc:rx3v6x4vdzamb4ntjz7fhws4/app.bsky.feed.post/3m3tfewna7k24
darkcerbshaun.bsky.social,lmaonadestand.bsky.social,at://did:plc:eklt2idxirq33vttisihi4le/app.bsky.feed.post/3m3qs3wlguk2i
abyssalbase6.bsky.social,lmaonadestand.bsky.social,at://did:plc:eklt2idxirq33vttisihi4le/app.bsky.feed.post/3m3qs3wlguk2i
theradseed.blacksky.app,thefairyartmother.bsky.social,at://did:plc:qqxsbxspptbu2jj75esihts4/app.bsky.feed.post/3m3qr6upclc2f
craftyhermit.bsky.social,gizmoartifice.bsky.social,at://did:plc:tjaujrdesw45c47qcxto2w7h/app.bsky.feed.post/3m3qiajpmac2q
lamnii.bsky.social,gizmoartifice.bsky.social,at://did:plc:tjaujrdesw45c47qcxto2w7h/app.bsky.feed.post/3m3qiajpmac2q
gamingnews-rt.bsky.social,gizmoartifice.bsky.social,at://did:plc:tjaujrdesw45c47qcxto2w7h/app.bsky.feed.post/3m3qiajpmac2q
vktouchdown.bsky.social,gizmoartifice.bsky.social,at://did:plc:tjaujrdesw45c47qcxto2w7h/app.bsky.feed.post/3m3qiajpmac2q
phasestatelost.bsky.social,voiddebris.bsky.social,at://did:plc:4shx46fa7p2u7hcma2b5tpjq/app.bsky.feed.post/3m3pvxcmm6k2o
tenkoberry.bsky.social,voiddebris.bsky.social,at://did:plc:4shx46fa7p2u7hcma2b5tpjq/app.bsky.feed.post/3m3pvxcmm6k2o
samitaire.bsky.social,voiddebris.bsky.social,at://did:plc:4shx46fa7p2u7hcma2b5tpjq/app.bsky.feed.post/3m3pvxcmm6k2o
burningvt.bsky.social,voiddebris.bsky.social,at://did:plc:4shx46fa7p2u7hcma2b5tpjq/app.bsky.feed.post/3m3pvxcmm6k2o
lonestarnorth.bsky.social,voiddebris.bsky.social,at://did:plc:4shx46fa7p2u7hcma2b5tpjq/app.bsky.feed.post/3m3pvxcmm6k2o
medianews-rt.bsky.social,mravasan.bsky.social,at://did:plc:7q5nukru4fxb27puixzn3bnw/app.bsky.feed.post/3m3owqujzi22c
jasonblade.bsky.social,rendraws.bsky.social,at://did:plc:g4bwhjsweobkb5qmqld6caqg/app.bsky.feed.post/3m3ou54n5qs2u
seabthevortian.bsky.social,rendraws.bsky.social,at://did:plc:g4bwhjsweobkb5qmqld6caqg/app.bsky.feed.post/3m3ou54n5qs2u
medianews-rt.bsky.social,rendraws.bsky.social,at://did:plc:g4bwhjsweobkb5qmqld6caqg/app.bsky.feed.post/3m3ou54n5qs2u
rendraws.bsky.social,rendraws.bsky.social,at://did:plc:g4bwhjsweobkb5qmqld6caqg/app.bsky.feed.post/3m3ou54n5qs2u
gamingnews-rt.bsky.social,rendraws.bsky.social,at://did:plc:g4bwhjsweobkb5qmqld6caqg/app.bsky.feed.post/3m3ou54n5qs2u
mutterscrawl.bsky.social,rendraws.bsky.social,at://did:plc:g4bwhjsweobkb5qmqld6caqg/app.bsky.feed.post/3m3ou54n5qs2u
sssedusa.bsky.social,lucidjester3.vtubers.social,at://did:plc:b552c62iznd63dbzg6m5al2i/app.bsky.feed.post/3m3nrb7zve22f
streamerbot.bsky.social,zabrielfortuna.bsky.social,at://did:plc:kevm5pypicd3d3tspvhyz6vi/app.bsky.feed.post/3m3nnnr4btk2a
redreddington.bsky.social,rapidsketching.bsky.social,at://did:plc:ods2makfvwxk22dmjqmlm22e/app.bsky.feed.post/3m3nmz4yvls2z
streamerbot.bsky.social,shujiwakahisa.bsky.social,at://did:plc:nmt64ukrrphbh2o3ppnsow2f/app.bsky.feed.post/3m3ndpzbhms22
ryezle.bsky.social,altaira-demon.bsky.social,at://did:plc:sa4h4mcpowuesfb2ls5t55p2/app.bsky.feed.post/3m3nc5uxfbc2l
dillonopossum.bsky.social,maplemash.bsky.social,at://did:plc:t5vxyhuin576wgvbasfogjyi/app.bsky.feed.post/3m3mycz4ea22k
gamingnews-rt.bsky.social,t3gamerealm.bsky.social,at://did:plc:j5jis5eg4h45kwktjf7gbzfw/app.bsky.feed.post/3m3md475l622l
trashochist.bsky.social,saphchan.bsky.social,at://did:plc:sjkaw7cvx46sxebusq2bzmaz/app.bsky.feed.post/3m3llosqios2m
disokillman.bsky.social,saphchan.bsky.social,at://did:plc:sjkaw7cvx46sxebusq2bzmaz/app.bsky.feed.post/3m3llosqios2m
tomatoslush.bsky.social,saphchan.bsky.social,at://did:plc:sjkaw7cvx46sxebusq2bzmaz/app.bsky.feed.post/3m3llosqios2m
silverray85.bsky.social,saphchan.bsky.social,at://did:plc:sjkaw7cvx46sxebusq2bzmaz/app.bsky.feed.post/3m3llosqios2m
lenastar666.bsky.social,saphchan.bsky.social,at://did:plc:sjkaw7cvx46sxebusq2bzmaz/app.bsky.feed.post/3m3llosqios2m
whitesilverblade.bsky.social,saphchan.bsky.social,at://did:plc:sjkaw7cvx46sxebusq2bzmaz/app.bsky.feed.post/3m3llosqios2m
sawazaki.bsky.social,saphchan.bsky.social,at://did:plc:sjkaw7cvx46sxebusq2bzmaz/app.bsky.feed.post/3m3llosqios2m
lordtheodore13.bsky.social,saphchan.bsky.social,at://did:plc:sjkaw7cvx46sxebusq2bzmaz/app.bsky.feed.post/3m3llosqios2m
sompra.bsky.social,saphchan.bsky.social,at://did:plc:sjkaw7cvx46sxebusq2bzmaz/app.bsky.feed.post/3m3llosqios2m
skullbarrier.bsky.social,saphchan.bsky.social,at://did:plc:sjkaw7cvx46sxebusq2bzmaz/app.bsky.feed.post/3m3llosqios2m
niseyuki.bsky.social,saphchan.bsky.social,at://did:plc:sjkaw7cvx46sxebusq2bzmaz/app.bsky.feed.post/3m3llosqios2m
siru325.bsky.social,saphchan.bsky.social,at://did:plc:sjkaw7cvx46sxebusq2bzmaz/app.bsky.feed.post/3m3llosqios2m
metalvi.bsky.social,saphchan.bsky.social,at://did:plc:sjkaw7cvx46sxebusq2bzmaz/app.bsky.feed.post/3m3llosqios2m
waveexistance.bsky.social,saphchan.bsky.social,at://did:plc:sjkaw7cvx46sxebusq2bzmaz/app.bsky.feed.post/3m3llosqios2m
jpvidal09.bsky.social,saphchan.bsky.social,at://did:plc:sjkaw7cvx46sxebusq2bzmaz/app.bsky.feed.post/3m3llosqios2m
penscribbledx.bsky.social,saphchan.bsky.social,at://did:plc:sjkaw7cvx46sxebusq2bzmaz/app.bsky.feed.post/3m3llosqios2m
molicioushat.bsky.social,melonypepon.bsky.social,at://did:plc:komrxxnlw3ses7rz3r643psk/app.bsky.feed.post/3m3le5a7zss27
nessiopeia.space,nessiopeia.space,at://did:plc:s7kkm4w2tn7kzkrqzaluczdh/app.bsky.feed.post/3m3l7elcbts2m
estroclysm.neocities.org,nessiopeia.space,at://did:plc:s7kkm4w2tn7kzkrqzaluczdh/app.bsky.feed.post/3m3l7elcbts2m
tsarinaa.bsky.social,hareyamayoco45.bsky.social,at://did:plc:ii7zzjmrn2u3qwcs662z2jew/app.bsky.feed.post/3m3k5pq3pbs2i
monarchlyra.bsky.social,hareyamayoco45.bsky.social,at://did:plc:ii7zzjmrn2u3qwcs662z2jew/app.bsky.feed.post/3m3k5pq3pbs2i
ventivr.bsky.social,hareyamayoco45.bsky.social,at://did:plc:ii7zzjmrn2u3qwcs662z2jew/app.bsky.feed.post/3m3k5pq3pbs2i
davbew.bsky.social,the--gooseman.bsky.social,at://did:plc:lexxs6fh4fkv5lpueiboeu6z/app.bsky.feed.post/3m3k2zpp62s2n
mercenaryjoel.bsky.social,the--gooseman.bsky.social,at://did:plc:lexxs6fh4fkv5lpueiboeu6z/app.bsky.feed.post/3m3k2zpp62s2n
malconix29.bsky.social,the--gooseman.bsky.social,at://did:plc:lexxs6fh4fkv5lpueiboeu6z/app.bsky.feed.post/3m3k2zpp62s2n
streamerbot.bsky.social,artcreates.vtubers.social,at://did:plc:ktaajpnq4ow3ud4l55qcgqgn/app.bsky.feed.post/3m3iyzc6oac2k
elyssv.bsky.social,pegushi.bsky.social,at://did:plc:jw6fkkpakyjc5jzv5snejaas/app.bsky.feed.post/3m3ix6tlowk2c
anatanana.bsky.social,pegushi.bsky.social,at://did:plc:jw6fkkpakyjc5jzv5snejaas/app.bsky.feed.post/3m3ix6tlowk2c
streamerbot.bsky.social,shujiwakahisa.bsky.social,at://did:plc:nmt64ukrrphbh2o3ppnsow2f/app.bsky.feed.post/3m3is2pv6yg2i
sugaswtness.bsky.social,bludolfincreations.bsky.social,at://did:plc:uq2wve5wxiqiznm3sfyugm3b/app.bsky.feed.post/3m3imkzyz4s24
yuriandrogynopov.bsky.social,cherryscampers.bsky.social,at://did:plc:pzy2faj4us5did3cnmwq6ph7/app.bsky.feed.post/3m3i6hknclk2b
spoopyricotta.bsky.social,spoopyricotta.bsky.social,at://did:plc:hf7ppxvkrg45a4o2tjrsads5/app.bsky.feed.post/3m3i2gx7qas2k
diamondforyes.bsky.social,michaelz79.bsky.social,at://did:plc:jyxzcrg7peioanvnbntkj556/app.bsky.feed.post/3m3h5pgommk2d
asterisks.bsky.social,mamaheavy.bsky.social,at://did:plc:ccigpl5vekeq5psdenc636yi/app.bsky.feed.post/3m3gji5iptk2w
fanimalcreations.bsky.social,taylissforge.bsky.social,at://did:plc:pd4bdrxpcnfzi2o2oqphlstb/app.bsky.feed.post/3m3fu7dcu3c2k
catnipmusic.bsky.social,joemuggs.bsky.social,at://did:plc:amj4ofqfh4rheeic5qrtgo6c/app.bsky.feed.post/3m3fo44dxis2p
thalyts.bsky.social,thebertoni.bsky.social,at://did:plc:ue5bqyz6ginshxvc2dm2a5zs/app.bsky.feed.post/3m3ega5bh3k2j
babymoonsky.bsky.social,thebertoni.bsky.social,at://did:plc:ue5bqyz6ginshxvc2dm2a5zs/app.bsky.feed.post/3m3ega5bh3k2j
lajess20.bsky.social,thebertoni.bsky.social,at://did:plc:ue5bqyz6ginshxvc2dm2a5zs/app.bsky.feed.post/3m3ega5bh3k2j
purplie.bsky.social,thebertoni.bsky.social,at://did:plc:ue5bqyz6ginshxvc2dm2a5zs/app.bsky.feed.post/3m3ega5bh3k2j
jadejoestar.bsky.social,thebertoni.bsky.social,at://did:plc:ue5bqyz6ginshxvc2dm2a5zs/app.bsky.feed.post/3m3ega5bh3k2j
ragnnarthesad.bsky.social,thebertoni.bsky.social,at://did:plc:ue5bqyz6ginshxvc2dm2a5zs/app.bsky.feed.post/3m3ega5bh3k2j
bobbudd.bsky.social,thebertoni.bsky.social,at://did:plc:ue5bqyz6ginshxvc2dm2a5zs/app.bsky.feed.post/3m3ega5bh3k2j
akuminha.bsky.social,thebertoni.bsky.social,at://did:plc:ue5bqyz6ginshxvc2dm2a5zs/app.bsky.feed.post/3m3ega5bh3k2j
nucleargore.bsky.social,thebertoni.bsky.social,at://did:plc:ue5bqyz6ginshxvc2dm2a5zs/app.bsky.feed.post/3m3ega5bh3k2j
jackpervycat.bsky.social,thebertoni.bsky.social,at://did:plc:ue5bqyz6ginshxvc2dm2a5zs/app.bsky.feed.post/3m3ega5bh3k2j
vallenfyre.bsky.social,thebertoni.bsky.social,at://did:plc:ue5bqyz6ginshxvc2dm2a5zs/app.bsky.feed.post/3m3ega5bh3k2j
samnsfw.bsky.social,thebertoni.bsky.social,at://did:plc:ue5bqyz6ginshxvc2dm2a5zs/app.bsky.feed.post/3m3ega5bh3k2j
corvocosmico.bsky.social,thebertoni.bsky.social,at://did:plc:ue5bqyz6ginshxvc2dm2a5zs/app.bsky.feed.post/3m3ega5bh3k2j
xux0.bsky.social,thebertoni.bsky.social,at://did:plc:ue5bqyz6ginshxvc2dm2a5zs/app.bsky.feed.post/3m3ega5bh3k2j
spicyfey888.bsky.social,thebertoni.bsky.social,at://did:plc:ue5bqyz6ginshxvc2dm2a5zs/app.bsky.feed.post/3m3ega5bh3k2j
rosazombie.bsky.social,thebertoni.bsky.social,at://did:plc:ue5bqyz6ginshxvc2dm2a5zs/app.bsky.feed.post/3m3ega5bh3k2j
luck3drag0n.bsky.social,thebertoni.bsky.social,at://did:plc:ue5bqyz6ginshxvc2dm2a5zs/app.bsky.feed.post/3m3ega5bh3k2j
charmsangels.bsky.social,thebertoni.bsky.social,at://did:plc:ue5bqyz6ginshxvc2dm2a5zs/app.bsky.feed.post/3m3ega5bh3k2j
zoezinha.bsky.social,thebertoni.bsky.social,at://did:plc:ue5bqyz6ginshxvc2dm2a5zs/app.bsky.feed.post/3m3ega5bh3k2j
usefulspoon.bsky.social,thebertoni.bsky.social,at://did:plc:ue5bqyz6ginshxvc2dm2a5zs/app.bsky.feed.post/3m3ega5bh3k2j
fannvevo.bsky.social,thebertoni.bsky.social,at://did:plc:ue5bqyz6ginshxvc2dm2a5zs/app.bsky.feed.post/3m3ega5bh3k2j
je20da.bsky.social,thebertoni.bsky.social,at://did:plc:ue5bqyz6ginshxvc2dm2a5zs/app.bsky.feed.post/3m3ega5bh3k2j
durolocus.bsky.social,thebertoni.bsky.social,at://did:plc:ue5bqyz6ginshxvc2dm2a5zs/app.bsky.feed.post/3m3ega5bh3k2j
eltabares.bsky.social,thebertoni.bsky.social,at://did:plc:ue5bqyz6ginshxvc2dm2a5zs/app.bsky.feed.post/3m3ega5bh3k2j
didarchives.bsky.social,thebertoni.bsky.social,at://did:plc:ue5bqyz6ginshxvc2dm2a5zs/app.bsky.feed.post/3m3ega5bh3k2j
ryaissa.bsky.social,thebertoni.bsky.social,at://did:plc:ue5bqyz6ginshxvc2dm2a5zs/app.bsky.feed.post/3m3ega5bh3k2j
jamescreeper.bsky.social,thebertoni.bsky.social,at://did:plc:ue5bqyz6ginshxvc2dm2a5zs/app.bsky.feed.post/3m3ega5bh3k2j
estroclysm.neocities.org,nessiopeia.space,at://did:plc:s7kkm4w2tn7kzkrqzaluczdh/app.bsky.feed.post/3m3efgqu42c24
wheatleyfr.bsky.social,trey-the-overlord.bsky.social,at://did:plc:crkho2yypnyyvgbcuqigcqje/app.bsky.feed.post/3m3e6at3bqk2j
shy11.bsky.social,trey-the-overlord.bsky.social,at://did:plc:crkho2yypnyyvgbcuqigcqje/app.bsky.feed.post/3m3e6at3bqk2j
freakshowweemo.bsky.social,trey-the-overlord.bsky.social,at://did:plc:crkho2yypnyyvgbcuqigcqje/app.bsky.feed.post/3m3e6at3bqk2j
paleozoe.xyz,trey-the-overlord.bsky.social,at://did:plc:crkho2yypnyyvgbcuqigcqje/app.bsky.feed.post/3m3e6at3bqk2j
kajiru.bsky.social,micromera.com,at://did:plc:evqbh4lsxtcktzom3wvfrgw5/app.bsky.feed.post/3m3du45zfb22h
ghostkumo.bsky.social,willowswitchart.bsky.social,at://did:plc:ddtpj4igfcobiev7xb7hxhsp/app.bsky.feed.post/3m3dm7vbcac2q
mutterscrawl.bsky.social,willowswitchart.bsky.social,at://did:plc:ddtpj4igfcobiev7xb7hxhsp/app.bsky.feed.post/3m3dm7vbcac2q
dirtydepositoii.bsky.social,glassfish.bsky.social,at://did:plc:2wtijdcczfriw36sqavu2xrf/app.bsky.feed.post/3m3c4r2wbhc2v
justalex92.bsky.social,glassfish.bsky.social,at://did:plc:2wtijdcczfriw36sqavu2xrf/app.bsky.feed.post/3m3c4r2wbhc2v
nikt00nz.bsky.social,glassfish.bsky.social,at://did:plc:2wtijdcczfriw36sqavu2xrf/app.bsky.feed.post/3m3c4r2wbhc2v
king-degen.bsky.social,glassfish.bsky.social,at://did:plc:2wtijdcczfriw36sqavu2xrf/app.bsky.feed.post/3m3c4r2wbhc2v
demonicsparrow13.bsky.social,glassfish.bsky.social,at://did:plc:2wtijdcczfriw36sqavu2xrf/app.bsky.feed.post/3m3c4r2wbhc2v
nightskygem.bsky.social,glassfish.bsky.social,at://did:plc:2wtijdcczfriw36sqavu2xrf/app.bsky.feed.post/3m3c4r2wbhc2v
dduwnio.bsky.social,glassfish.bsky.social,at://did:plc:2wtijdcczfriw36sqavu2xrf/app.bsky.feed.post/3m3c4r2wbhc2v
jfthedingdong.bsky.social,glassfish.bsky.social,at://did:plc:2wtijdcczfriw36sqavu2xrf/app.bsky.feed.post/3m3c4r2wbhc2v
mokuseifox.bsky.social,glassfish.bsky.social,at://did:plc:2wtijdcczfriw36sqavu2xrf/app.bsky.feed.post/3m3c4r2wbhc2v
master-cheese.bsky.social,glassfish.bsky.social,at://did:plc:2wtijdcczfriw36sqavu2xrf/app.bsky.feed.post/3m3c4r2wbhc2v
mrdc7.bsky.social,glassfish.bsky.social,at://did:plc:2wtijdcczfriw36sqavu2xrf/app.bsky.feed.post/3m3c4r2wbhc2v
scarletlewds.bsky.social,glassfish.bsky.social,at://did:plc:2wtijdcczfriw36sqavu2xrf/app.bsky.feed.post/3m3c4r2wbhc2v
ironbloodaika.bsky.social,glassfish.bsky.social,at://did:plc:2wtijdcczfriw36sqavu2xrf/app.bsky.feed.post/3m3c4r2wbhc2v
dackmoar.bsky.social,glassfish.bsky.social,at://did:plc:2wtijdcczfriw36sqavu2xrf/app.bsky.feed.post/3m3c4r2wbhc2v
eroticannonball.bsky.social,glassfish.bsky.social,at://did:plc:2wtijdcczfriw36sqavu2xrf/app.bsky.feed.post/3m3c4r2wbhc2v
arin06.bsky.social,glassfish.bsky.social,at://did:plc:2wtijdcczfriw36sqavu2xrf/app.bsky.feed.post/3m3c4r2wbhc2v
cartoonico.bsky.social,astrawitch.com,at://did:plc:72spjsnx3s5lsynoyumo7d4g/app.bsky.feed.post/3m36tpowoyk2q
bleupale.bsky.social,astrawitch.com,at://did:plc:72spjsnx3s5lsynoyumo7d4g/app.bsky.feed.post/3m36tpowoyk2q
thedamselmichelle.bsky.social,astrawitch.com,at://did:plc:72spjsnx3s5lsynoyumo7d4g/app.bsky.feed.post/3m36tpowoyk2q
rtnortherly.bsky.social,astrawitch.com,at://did:plc:72spjsnx3s5lsynoyumo7d4g/app.bsky.feed.post/3m36tpowoyk2q
goawayimcrabby.bsky.social,astrawitch.com,at://did:plc:72spjsnx3s5lsynoyumo7d4g/app.bsky.feed.post/3m36tpowoyk2q
rutana.bsky.social,astrawitch.com,at://did:plc:72spjsnx3s5lsynoyumo7d4g/app.bsky.feed.post/3m36tpowoyk2q
grapplemania.bsky.social,astrawitch.com,at://did:plc:72spjsnx3s5lsynoyumo7d4g/app.bsky.feed.post/3m36tpowoyk2q
teeketch.art,astrawitch.com,at://did:plc:72spjsnx3s5lsynoyumo7d4g/app.bsky.feed.post/3m36tpowoyk2q
infinity-marc.bsky.social,astrawitch.com,at://did:plc:72spjsnx3s5lsynoyumo7d4g/app.bsky.feed.post/3m36tpowoyk2q
ndchristie.bsky.social,astrawitch.com,at://did:plc:72spjsnx3s5lsynoyumo7d4g/app.bsky.feed.post/3m36tpowoyk2q
shockdingo.bsky.social,astrawitch.com,at://did:plc:72spjsnx3s5lsynoyumo7d4g/app.bsky.feed.post/3m36tpowoyk2q
alexsaursrex.bsky.social,astrawitch.com,at://did:plc:72spjsnx3s5lsynoyumo7d4g/app.bsky.feed.post/3m36tpowoyk2q
itripixels.bsky.social,astrawitch.com,at://did:plc:72spjsnx3s5lsynoyumo7d4g/app.bsky.feed.post/3m36tpowoyk2q
neonriot.bsky.social,astrawitch.com,at://did:plc:72spjsnx3s5lsynoyumo7d4g/app.bsky.feed.post/3m36tpowoyk2q
amisma.bsky.social,astrawitch.com,at://did:plc:72spjsnx3s5lsynoyumo7d4g/app.bsky.feed.post/3m36tpowoyk2q
rednumberz.bsky.social,astrawitch.com,at://did:plc:72spjsnx3s5lsynoyumo7d4g/app.bsky.feed.post/3m36tpowoyk2q
naturalseasons.bsky.social,astrawitch.com,at://did:plc:72spjsnx3s5lsynoyumo7d4g/app.bsky.feed.post/3m36tpowoyk2q
raptorwares.bsky.social,astrawitch.com,at://did:plc:72spjsnx3s5lsynoyumo7d4g/app.bsky.feed.post/3m36tpowoyk2q
holographic.pink,astrawitch.com,at://did:plc:72spjsnx3s5lsynoyumo7d4g/app.bsky.feed.post/3m36tpowoyk2q
letsrollplay002.bsky.social,astrawitch.com,at://did:plc:72spjsnx3s5lsynoyumo7d4g/app.bsky.feed.post/3m36tpowoyk2q
talyhawk.bsky.social,astrawitch.com,at://did:plc:72spjsnx3s5lsynoyumo7d4g/app.bsky.feed.post/3m36tpowoyk2q
slydante.bsky.social,astrawitch.com,at://did:plc:72spjsnx3s5lsynoyumo7d4g/app.bsky.feed.post/3m36tpowoyk2q
chuduuuu.bsky.social,astrawitch.com,at://did:plc:72spjsnx3s5lsynoyumo7d4g/app.bsky.feed.post/3m36tpowoyk2q
pailbn.bsky.social,astrawitch.com,at://did:plc:72spjsnx3s5lsynoyumo7d4g/app.bsky.feed.post/3m36tpowoyk2q
dolthhaven.bsky.social,astrawitch.com,at://did:plc:72spjsnx3s5lsynoyumo7d4g/app.bsky.feed.post/3m36tpowoyk2q
smgdraws.bsky.social,astrawitch.com,at://did:plc:72spjsnx3s5lsynoyumo7d4g/app.bsky.feed.post/3m36tpowoyk2q
vincentrtreptow.bsky.social,astrawitch.com,at://did:plc:72spjsnx3s5lsynoyumo7d4g/app.bsky.feed.post/3m36tpowoyk2q
melodymute.bsky.social,astrawitch.com,at://did:plc:72spjsnx3s5lsynoyumo7d4g/app.bsky.feed.post/3m36tpowoyk2q
lucymacleans.bsky.social,astrawitch.com,at://did:plc:72spjsnx3s5lsynoyumo7d4g/app.bsky.feed.post/3m36tpowoyk2q
marlenesantos.com,astrawitch.com,at://did:plc:72spjsnx3s5lsynoyumo7d4g/app.bsky.feed.post/3m36tpowoyk2q
straycatalyst.bsky.social,astrawitch.com,at://did:plc:72spjsnx3s5lsynoyumo7d4g/app.bsky.feed.post/3m36tpowoyk2q
angelspritegurl.bsky.social,astrawitch.com,at://did:plc:72spjsnx3s5lsynoyumo7d4g/app.bsky.feed.post/3m36tpowoyk2q
epixeletteshark.bsky.social,astrawitch.com,at://did:plc:72spjsnx3s5lsynoyumo7d4g/app.bsky.feed.post/3m36tpowoyk2q
gyesol.bsky.social,astrawitch.com,at://did:plc:72spjsnx3s5lsynoyumo7d4g/app.bsky.feed.post/3m36tpowoyk2q
pighead3d.bsky.social,astrawitch.com,at://did:plc:72spjsnx3s5lsynoyumo7d4g/app.bsky.feed.post/3m36tpowoyk2q
spaceratprodigy.bsky.social,astrawitch.com,at://did:plc:72spjsnx3s5lsynoyumo7d4g/app.bsky.feed.post/3m36tpowoyk2q
axdyn.bsky.social,astrawitch.com,at://did:plc:72spjsnx3s5lsynoyumo7d4g/app.bsky.feed.post/3m36tpowoyk2q
bomb-papa.bsky.social,astrawitch.com,at://did:plc:72spjsnx3s5lsynoyumo7d4g/app.bsky.feed.post/3m36tpowoyk2q
mrbensonmum.bsky.social,astrawitch.com,at://did:plc:72spjsnx3s5lsynoyumo7d4g/app.bsky.feed.post/3m36tpowoyk2q
gotenonnimbus.bsky.social,astrawitch.com,at://did:plc:72spjsnx3s5lsynoyumo7d4g/app.bsky.feed.post/3m36tpowoyk2q
coffeebreath.bsky.social,astrawitch.com,at://did:plc:72spjsnx3s5lsynoyumo7d4g/app.bsky.feed.post/3m36tpowoyk2q
lyamgtt.bsky.social,astrawitch.com,at://did:plc:72spjsnx3s5lsynoyumo7d4g/app.bsky.feed.post/3m36tpowoyk2q
gameboilight.bsky.social,astrawitch.com,at://did:plc:72spjsnx3s5lsynoyumo7d4g/app.bsky.feed.post/3m36tpowoyk2q
vertebralgiant.bsky.social,astrawitch.com,at://did:plc:72spjsnx3s5lsynoyumo7d4g/app.bsky.feed.post/3m36tpowoyk2q
cupohjoe.bsky.social,astrawitch.com,at://did:plc:72spjsnx3s5lsynoyumo7d4g/app.bsky.feed.post/3m36tpowoyk2q
kduffles.bsky.social,astrawitch.com,at://did:plc:72spjsnx3s5lsynoyumo7d4g/app.bsky.feed.post/3m36tpowoyk2q
ridermatsu.bsky.social,astrawitch.com,at://did:plc:72spjsnx3s5lsynoyumo7d4g/app.bsky.feed.post/3m36tpowoyk2q
brdgtwnn.bsky.social,astrawitch.com,at://did:plc:72spjsnx3s5lsynoyumo7d4g/app.bsky.feed.post/3m36tpowoyk2q
astrawitch.com,astrawitch.com,at://did:plc:72spjsnx3s5lsynoyumo7d4g/app.bsky.feed.post/3m36tpowoyk2q
lonestarnorth.bsky.social,astrawitch.com,at://did:plc:72spjsnx3s5lsynoyumo7d4g/app.bsky.feed.post/3m36tpowoyk2q
ladyholmes.bsky.social,astrawitch.com,at://did:plc:72spjsnx3s5lsynoyumo7d4g/app.bsky.feed.post/3m36tpowoyk2q
slug36.bsky.social,astrawitch.com,at://did:plc:72spjsnx3s5lsynoyumo7d4g/app.bsky.feed.post/3m36tpowoyk2q
spookyxpickle.bsky.social,astrawitch.com,at://did:plc:72spjsnx3s5lsynoyumo7d4g/app.bsky.feed.post/3m36tpowoyk2q
mighterbump.com,astrawitch.com,at://did:plc:72spjsnx3s5lsynoyumo7d4g/app.bsky.feed.post/3m36tpowoyk2q
peppermintbubble.com,astrawitch.com,at://did:plc:72spjsnx3s5lsynoyumo7d4g/app.bsky.feed.post/3m36tpowoyk2q
otapxl.bsky.social,astrawitch.com,at://did:plc:72spjsnx3s5lsynoyumo7d4g/app.bsky.feed.post/3m36tpowoyk2q
echothethird.art,astrawitch.com,at://did:plc:72spjsnx3s5lsynoyumo7d4g/app.bsky.feed.post/3m36tpowoyk2q
cathwizard.bsky.social,astrawitch.com,at://did:plc:72spjsnx3s5lsynoyumo7d4g/app.bsky.feed.post/3m36tpowoyk2q
gergauss.bsky.social,amarisskye.bsky.social,at://did:plc:ztjut3nksvmz44j2hsj45dn5/app.bsky.feed.post/3m36npuz5ls2a
drinksopa.bsky.social,amarisskye.bsky.social,at://did:plc:ztjut3nksvmz44j2hsj45dn5/app.bsky.feed.post/3m36npuz5ls2a
huntonic.bsky.social,amarisskye.bsky.social,at://did:plc:ztjut3nksvmz44j2hsj45dn5/app.bsky.feed.post/3m36npuz5ls2a
streamerbot.bsky.social,amarisskye.bsky.social,at://did:plc:ztjut3nksvmz44j2hsj45dn5/app.bsky.feed.post/3m36npuz5ls2a
bluephoenixrpgs.bsky.social,amarisskye.bsky.social,at://did:plc:ztjut3nksvmz44j2hsj45dn5/app.bsky.feed.post/3m36npuz5ls2a
dadydennis.bsky.social,amarisskye.bsky.social,at://did:plc:ztjut3nksvmz44j2hsj45dn5/app.bsky.feed.post/3m36npuz5ls2a
lamnii.bsky.social,gizmoartifice.bsky.social,at://did:plc:tjaujrdesw45c47qcxto2w7h/app.bsky.feed.post/3m36chfl4js22
nikolay202.bsky.social,squarks.bsky.social,at://did:plc:6b62ppkvsoeixbyeganfldvz/app.bsky.feed.post/3m364cck2tp2f
vasirrkhajiit.bsky.social,starhound.bsky.social,at://did:plc:hrdajc5tkzovqmpu55baqjlq/app.bsky.feed.post/3m35yx2iwuk2w
zarlaskunk.bsky.social,starhound.bsky.social,at://did:plc:hrdajc5tkzovqmpu55baqjlq/app.bsky.feed.post/3m35yx2iwuk2w
grandpakatsu.vtubers.social,esbt.bsky.social,at://did:plc:uykxxg2nylesoiapqnm7wae2/app.bsky.feed.post/3m35yf5jbns25
koilarist.bsky.social,koilarist.bsky.social,at://did:plc:yc6aq6osc5g4bbn2d2pfthsk/app.bsky.feed.post/3m35wcccpr22z
koil.bsky.social,koilarist.bsky.social,at://did:plc:yc6aq6osc5g4bbn2d2pfthsk/app.bsky.feed.post/3m35wcccpr22z
nikolay202.bsky.social,koilarist.bsky.social,at://did:plc:yc6aq6osc5g4bbn2d2pfthsk/app.bsky.feed.post/3m35wcccpr22z
fblimous.bsky.social,koilarist.bsky.social,at://did:plc:yc6aq6osc5g4bbn2d2pfthsk/app.bsky.feed.post/3m35wcccpr22z
frids.bsky.social,koilarist.bsky.social,at://did:plc:yc6aq6osc5g4bbn2d2pfthsk/app.bsky.feed.post/3m35wcccpr22z
doshi.bsky.social,koilarist.bsky.social,at://did:plc:yc6aq6osc5g4bbn2d2pfthsk/app.bsky.feed.post/3m35wcccpr22z
morrya.art,koilarist.bsky.social,at://did:plc:yc6aq6osc5g4bbn2d2pfthsk/app.bsky.feed.post/3m35wcccpr22z
meithemouse.bsky.social,koilarist.bsky.social,at://did:plc:yc6aq6osc5g4bbn2d2pfthsk/app.bsky.feed.post/3m35wcccpr22z
lumu.info,foxtrot68.bsky.social,at://did:plc:h2go4atbpgzfv6e3ua5carux/app.bsky.feed.post/3m34azt4ff225
streamerbot.bsky.social,shujiwakahisa.bsky.social,at://did:plc:nmt64ukrrphbh2o3ppnsow2f/app.bsky.feed.post/3m342gq4gqs2e
kelilan.bsky.social,serrydwaggy.bsky.social,at://did:plc:i3g2hkycntuttodyislqlshs/app.bsky.feed.post/3m33sekon622r
byssh3.bsky.social,nbsp1618.bsky.social,at://did:plc:nhiskiyml6i7ow2yiczsh6im/app.bsky.feed.post/3m33ggzuznc22
luke6080.bsky.social,nbsp1618.bsky.social,at://did:plc:nhiskiyml6i7ow2yiczsh6im/app.bsky.feed.post/3m33ggzuznc22
gmtgames.bsky.social,nbsp1618.bsky.social,at://did:plc:nhiskiyml6i7ow2yiczsh6im/app.bsky.feed.post/3m33ggzuznc22
lesdecay.records.games,lesdecay.records.games,at://did:plc:livq6j6e5nyclhslm7nqsrs4/app.bsky.feed.post/3m32mbmeqa22v
mikes2050.bsky.social,drshanks24.bsky.social,at://did:plc:e4gdu6dtkmx6qdt46il6wkuc/app.bsky.feed.post/3m2zmddyti22z
cakewalk.bsky.social,lipikav.bsky.social,at://did:plc:mfln2dpgsnem4rl6uh3kgqxo/app.bsky.feed.post/3m2z2mxajl22u
shoesbox.bsky.social,lipikav.bsky.social,at://did:plc:mfln2dpgsnem4rl6uh3kgqxo/app.bsky.feed.post/3m2z2mxajl22u
oeuafrown.bsky.social,lipikav.bsky.social,at://did:plc:mfln2dpgsnem4rl6uh3kgqxo/app.bsky.feed.post/3m2z2mxajl22u
noelreverie.bsky.social,lipikav.bsky.social,at://did:plc:mfln2dpgsnem4rl6uh3kgqxo/app.bsky.feed.post/3m2z2mxajl22u
moolsies.bsky.social,lipikav.bsky.social,at://did:plc:mfln2dpgsnem4rl6uh3kgqxo/app.bsky.feed.post/3m2z2mxajl22u
karanacat.bsky.social,lipikav.bsky.social,at://did:plc:mfln2dpgsnem4rl6uh3kgqxo/app.bsky.feed.post/3m2z2mxajl22u
msincense.bsky.social,lipikav.bsky.social,at://did:plc:mfln2dpgsnem4rl6uh3kgqxo/app.bsky.feed.post/3m2z2mxajl22u
sierrasheep.bsky.social,lipikav.bsky.social,at://did:plc:mfln2dpgsnem4rl6uh3kgqxo/app.bsky.feed.post/3m2z2mxajl22u
hollymcgillis.bsky.social,lipikav.bsky.social,at://did:plc:mfln2dpgsnem4rl6uh3kgqxo/app.bsky.feed.post/3m2z2mxajl22u
rkrn.me,lipikav.bsky.social,at://did:plc:mfln2dpgsnem4rl6uh3kgqxo/app.bsky.feed.post/3m2z2mxajl22u
ritzytritzy.bsky.social,lipikav.bsky.social,at://did:plc:mfln2dpgsnem4rl6uh3kgqxo/app.bsky.feed.post/3m2z2mxajl22u
opossitum.bsky.social,lipikav.bsky.social,at://did:plc:mfln2dpgsnem4rl6uh3kgqxo/app.bsky.feed.post/3m2z2mxajl22u
angels-punkyheart.bsky.social,lipikav.bsky.social,at://did:plc:mfln2dpgsnem4rl6uh3kgqxo/app.bsky.feed.post/3m2z2mxajl22u
shimimori.bsky.social,lipikav.bsky.social,at://did:plc:mfln2dpgsnem4rl6uh3kgqxo/app.bsky.feed.post/3m2z2mxajl22u
ciar.bsky.social,lipikav.bsky.social,at://did:plc:mfln2dpgsnem4rl6uh3kgqxo/app.bsky.feed.post/3m2z2mxajl22u
becasart.bsky.social,lipikav.bsky.social,at://did:plc:mfln2dpgsnem4rl6uh3kgqxo/app.bsky.feed.post/3m2z2mxajl22u
indigos-stash.bsky.social,lipikav.bsky.social,at://did:plc:mfln2dpgsnem4rl6uh3kgqxo/app.bsky.feed.post/3m2z2mxajl22u
sulucamas.bsky.social,lipikav.bsky.social,at://did:plc:mfln2dpgsnem4rl6uh3kgqxo/app.bsky.feed.post/3m2z2mxajl22u
konvalleysk.bsky.social,cosmicbun13.bsky.social,at://did:plc:4nh7l2er3q46bnawokrrzoaa/app.bsky.feed.post/3m2xcvgtf5226
k9xtoons99.bsky.social,cosmicbun13.bsky.social,at://did:plc:4nh7l2er3q46bnawokrrzoaa/app.bsky.feed.post/3m2xcvgtf5226
eljaypee.bsky.social,cosmicbun13.bsky.social,at://did:plc:4nh7l2er3q46bnawokrrzoaa/app.bsky.feed.post/3m2xcvgtf5226
little-miss-horror.bsky.social,cosmicbun13.bsky.social,at://did:plc:4nh7l2er3q46bnawokrrzoaa/app.bsky.feed.post/3m2xcvgtf5226
zvezda.bsky.social,cosmicbun13.bsky.social,at://did:plc:4nh7l2er3q46bnawokrrzoaa/app.bsky.feed.post/3m2xcvgtf5226
athenasuzaku.bsky.social,cosmicbun13.bsky.social,at://did:plc:4nh7l2er3q46bnawokrrzoaa/app.bsky.feed.post/3m2xcvgtf5226
shujiwakahisa.bsky.social,shujiwakahisa.bsky.social,at://did:plc:nmt64ukrrphbh2o3ppnsow2f/app.bsky.feed.post/3m2x6pbchuv22
bppinks.bsky.social,zombiecare-rot.bsky.social,at://did:plc:6jemzrmrklcdxto32jky3cvn/app.bsky.feed.post/3m2ww47n2pk2i
rawri.bsky.social,zombiecare-rot.bsky.social,at://did:plc:6jemzrmrklcdxto32jky3cvn/app.bsky.feed.post/3m2ww47n2pk2i
parkerjarrell.bsky.social,aradortd.art,at://did:plc:6ev2ixj3h4simk6udh242vkz/app.bsky.feed.post/3m2wsq3hkvc2c
marccaliber17.bsky.social,aradortd.art,at://did:plc:6ev2ixj3h4simk6udh242vkz/app.bsky.feed.post/3m2wsq3hkvc2c
kerneldecoy.bsky.social,aradortd.art,at://did:plc:6ev2ixj3h4simk6udh242vkz/app.bsky.feed.post/3m2wsq3hkvc2c
streamerbot.bsky.social,aradortd.art,at://did:plc:6ev2ixj3h4simk6udh242vkz/app.bsky.feed.post/3m2wsq3hkvc2c
tntdmd.bsky.social,aradortd.art,at://did:plc:6ev2ixj3h4simk6udh242vkz/app.bsky.feed.post/3m2wsq3hkvc2c
kadulal.bsky.social,aradortd.art,at://did:plc:6ev2ixj3h4simk6udh242vkz/app.bsky.feed.post/3m2wsq3hkvc2c
streamerbot.bsky.social,pandajayce.bsky.social,at://did:plc:6bga7sznv3dkh7awgtne6fxg/app.bsky.feed.post/3m2wsevhtv22p
sergepup.bsky.social,pandajayce.bsky.social,at://did:plc:6bga7sznv3dkh7awgtne6fxg/app.bsky.feed.post/3m2wsevhtv22p
demonslayer21.bsky.social,pandajayce.bsky.social,at://did:plc:6bga7sznv3dkh7awgtne6fxg/app.bsky.feed.post/3m2wsevhtv22p
howsplendid.bsky.social,justinnator-nsfw.bsky.social,at://did:plc:ntwzg76q6kastyux5todfmhc/app.bsky.feed.post/3m2vnhe7l7s22
lotlapecera.bsky.social,justinnator-nsfw.bsky.social,at://did:plc:ntwzg76q6kastyux5todfmhc/app.bsky.feed.post/3m2vnhe7l7s22
medianews-rt.bsky.social,apocalypseferret.bsky.social,at://did:plc:o65sqaxjrutgkwj2hc7fzcb7/app.bsky.feed.post/3m2vai37awk2j
jelicrz.bsky.social,dahmuttdog.bsky.social,at://did:plc:cefjuvyzye6shwztd4u7lxty/app.bsky.feed.post/3m2u5pswgp222
streamerbot.bsky.social,dahmuttdog.bsky.social,at://did:plc:cefjuvyzye6shwztd4u7lxty/app.bsky.feed.post/3m2u5pswgp222
paffles.bsky.social,parfaitbegait.bsky.social,at://did:plc:mwtpca6qjlcvhey22u7ykbrp/app.bsky.feed.post/3m2sjsyph5s2a
namelessink.bsky.social,eliza-jay.bsky.social,at://did:plc:e2f3or3cgh7xhyekcufwdz4e/app.bsky.feed.post/3m2rzqzjn3s2e
basicdrawingguy.bsky.social,thebizartist.bsky.social,at://did:plc:nsgnmlmnabfpb2r2jwkowfhc/app.bsky.feed.post/3m2ryvl4ums2k
streamerbot.bsky.social,narkiplays.bsky.social,at://did:plc:6blizps4wuqderkcisrzkmz7/app.bsky.feed.post/3m2rt7jemhc2q
gamingnews-rt.bsky.social,xplodninja.bsky.social,at://did:plc:emupl7w4jp5nngoc5cfjnt3x/app.bsky.feed.post/3m2rjf3cis22u
maur70000.bsky.social,uniparasite.bsky.social,at://did:plc:3ymiuj4i62eahgcokfo66lrx/app.bsky.feed.post/3m2pl6mesds2m
tutrex92.bsky.social,uniparasite.bsky.social,at://did:plc:3ymiuj4i62eahgcokfo66lrx/app.bsky.feed.post/3m2pl6mesds2m
adameven.bsky.social,uniparasite.bsky.social,at://did:plc:3ymiuj4i62eahgcokfo66lrx/app.bsky.feed.post/3m2pl6mesds2m
lagomorphed.bsky.social,uniparasite.bsky.social,at://did:plc:3ymiuj4i62eahgcokfo66lrx/app.bsky.feed.post/3m2pl6mesds2m
pupernickel.bsky.social,uniparasite.bsky.social,at://did:plc:3ymiuj4i62eahgcokfo66lrx/app.bsky.feed.post/3m2pl6mesds2m
badb1rd.bsky.social,uniparasite.bsky.social,at://did:plc:3ymiuj4i62eahgcokfo66lrx/app.bsky.feed.post/3m2pl6mesds2m
jolixian.bsky.social,uniparasite.bsky.social,at://did:plc:3ymiuj4i62eahgcokfo66lrx/app.bsky.feed.post/3m2pl6mesds2m
bigbigbiggs.bsky.social,uniparasite.bsky.social,at://did:plc:3ymiuj4i62eahgcokfo66lrx/app.bsky.feed.post/3m2pl6mesds2m
lordoffrogs.bsky.social,uniparasite.bsky.social,at://did:plc:3ymiuj4i62eahgcokfo66lrx/app.bsky.feed.post/3m2pl6mesds2m
typhtubb.bsky.social,uniparasite.bsky.social,at://did:plc:3ymiuj4i62eahgcokfo66lrx/app.bsky.feed.post/3m2pl6mesds2m
tonyx3.bsky.social,uniparasite.bsky.social,at://did:plc:3ymiuj4i62eahgcokfo66lrx/app.bsky.feed.post/3m2pl6mesds2m
mintmeat.bsky.social,uniparasite.bsky.social,at://did:plc:3ymiuj4i62eahgcokfo66lrx/app.bsky.feed.post/3m2pl6mesds2m
reptiliansorcery.bsky.social,uniparasite.bsky.social,at://did:plc:3ymiuj4i62eahgcokfo66lrx/app.bsky.feed.post/3m2pl6mesds2m
gaytorexdowndeep.bsky.social,uniparasite.bsky.social,at://did:plc:3ymiuj4i62eahgcokfo66lrx/app.bsky.feed.post/3m2pl6mesds2m
daynomus.bsky.social,uniparasite.bsky.social,at://did:plc:3ymiuj4i62eahgcokfo66lrx/app.bsky.feed.post/3m2pl6mesds2m
raccoonboy22.bsky.social,uniparasite.bsky.social,at://did:plc:3ymiuj4i62eahgcokfo66lrx/app.bsky.feed.post/3m2pl6mesds2m
ike.bgay.social,uniparasite.bsky.social,at://did:plc:3ymiuj4i62eahgcokfo66lrx/app.bsky.feed.post/3m2pl6mesds2m
imsoborednow.bsky.social,uniparasite.bsky.social,at://did:plc:3ymiuj4i62eahgcokfo66lrx/app.bsky.feed.post/3m2pl6mesds2m
dathorneddragon.bsky.social,uniparasite.bsky.social,at://did:plc:3ymiuj4i62eahgcokfo66lrx/app.bsky.feed.post/3m2pl6mesds2m
phillychizsteak.bsky.social,uniparasite.bsky.social,at://did:plc:3ymiuj4i62eahgcokfo66lrx/app.bsky.feed.post/3m2pl6mesds2m
kneaddy.bsky.social,uniparasite.bsky.social,at://did:plc:3ymiuj4i62eahgcokfo66lrx/app.bsky.feed.post/3m2pl6mesds2m
arkmel0.bsky.social,uniparasite.bsky.social,at://did:plc:3ymiuj4i62eahgcokfo66lrx/app.bsky.feed.post/3m2pl6mesds2m
migueldragon.bsky.social,uniparasite.bsky.social,at://did:plc:3ymiuj4i62eahgcokfo66lrx/app.bsky.feed.post/3m2pl6mesds2m
everythingisalot.bsky.social,uniparasite.bsky.social,at://did:plc:3ymiuj4i62eahgcokfo66lrx/app.bsky.feed.post/3m2pl6mesds2m
butterflywindows.bsky.social,uniparasite.bsky.social,at://did:plc:3ymiuj4i62eahgcokfo66lrx/app.bsky.feed.post/3m2pl6mesds2m
pondartstudios.bsky.social,uniparasite.bsky.social,at://did:plc:3ymiuj4i62eahgcokfo66lrx/app.bsky.feed.post/3m2pl6mesds2m
paprikathefoxxo.bsky.social,uniparasite.bsky.social,at://did:plc:3ymiuj4i62eahgcokfo66lrx/app.bsky.feed.post/3m2pl6mesds2m
chaztheredpanda.bsky.social,uniparasite.bsky.social,at://did:plc:3ymiuj4i62eahgcokfo66lrx/app.bsky.feed.post/3m2pl6mesds2m
unnamedhog.bsky.social,uniparasite.bsky.social,at://did:plc:3ymiuj4i62eahgcokfo66lrx/app.bsky.feed.post/3m2pl6mesds2m
bowserscumslut.bsky.social,uniparasite.bsky.social,at://did:plc:3ymiuj4i62eahgcokfo66lrx/app.bsky.feed.post/3m2pl6mesds2m
edwardbear909.bsky.social,uniparasite.bsky.social,at://did:plc:3ymiuj4i62eahgcokfo66lrx/app.bsky.feed.post/3m2pl6mesds2m
makoodlecaboodle.bsky.social,uniparasite.bsky.social,at://did:plc:3ymiuj4i62eahgcokfo66lrx/app.bsky.feed.post/3m2pl6mesds2m
wkdart.bsky.social,uniparasite.bsky.social,at://did:plc:3ymiuj4i62eahgcokfo66lrx/app.bsky.feed.post/3m2pl6mesds2m
checkyblogh.bsky.social,uniparasite.bsky.social,at://did:plc:3ymiuj4i62eahgcokfo66lrx/app.bsky.feed.post/3m2pl6mesds2m
padepov.bsky.social,uniparasite.bsky.social,at://did:plc:3ymiuj4i62eahgcokfo66lrx/app.bsky.feed.post/3m2pl6mesds2m
yasuisnowinbluesky.bsky.social,uniparasite.bsky.social,at://did:plc:3ymiuj4i62eahgcokfo66lrx/app.bsky.feed.post/3m2pl6mesds2m
dancingqweef.bsky.social,uniparasite.bsky.social,at://did:plc:3ymiuj4i62eahgcokfo66lrx/app.bsky.feed.post/3m2pl6mesds2m
lechonklumpia.bsky.social,uniparasite.bsky.social,at://did:plc:3ymiuj4i62eahgcokfo66lrx/app.bsky.feed.post/3m2pl6mesds2m
rougathelion.bsky.social,uniparasite.bsky.social,at://did:plc:3ymiuj4i62eahgcokfo66lrx/app.bsky.feed.post/3m2pl6mesds2m
mpregbestpreg.bsky.social,uniparasite.bsky.social,at://did:plc:3ymiuj4i62eahgcokfo66lrx/app.bsky.feed.post/3m2pl6mesds2m
tigerdragon1734.bsky.social,uniparasite.bsky.social,at://did:plc:3ymiuj4i62eahgcokfo66lrx/app.bsky.feed.post/3m2pl6mesds2m
shikbone.bsky.social,uniparasite.bsky.social,at://did:plc:3ymiuj4i62eahgcokfo66lrx/app.bsky.feed.post/3m2pl6mesds2m
iamcorthen.bsky.social,uniparasite.bsky.social,at://did:plc:3ymiuj4i62eahgcokfo66lrx/app.bsky.feed.post/3m2pl6mesds2m
dafreakypiggy.bsky.social,uniparasite.bsky.social,at://did:plc:3ymiuj4i62eahgcokfo66lrx/app.bsky.feed.post/3m2pl6mesds2m
bnuuy-go-blep.bsky.social,uniparasite.bsky.social,at://did:plc:3ymiuj4i62eahgcokfo66lrx/app.bsky.feed.post/3m2pl6mesds2m
denilto.bsky.social,uniparasite.bsky.social,at://did:plc:3ymiuj4i62eahgcokfo66lrx/app.bsky.feed.post/3m2pl6mesds2m
lexavian.bsky.social,uniparasite.bsky.social,at://did:plc:3ymiuj4i62eahgcokfo66lrx/app.bsky.feed.post/3m2pl6mesds2m
mommabippa.bsky.social,uniparasite.bsky.social,at://did:plc:3ymiuj4i62eahgcokfo66lrx/app.bsky.feed.post/3m2pl6mesds2m
forteaxmez67.bsky.social,uniparasite.bsky.social,at://did:plc:3ymiuj4i62eahgcokfo66lrx/app.bsky.feed.post/3m2pl6mesds2m
bigfatb3ar.bsky.social,uniparasite.bsky.social,at://did:plc:3ymiuj4i62eahgcokfo66lrx/app.bsky.feed.post/3m2pl6mesds2m
naruisk.bsky.social,uniparasite.bsky.social,at://did:plc:3ymiuj4i62eahgcokfo66lrx/app.bsky.feed.post/3m2pl6mesds2m
audomarnsfw.bsky.social,uniparasite.bsky.social,at://did:plc:3ymiuj4i62eahgcokfo66lrx/app.bsky.feed.post/3m2pl6mesds2m
paxton-roth.bsky.social,uniparasite.bsky.social,at://did:plc:3ymiuj4i62eahgcokfo66lrx/app.bsky.feed.post/3m2pl6mesds2m
umbratenebris.bsky.social,uniparasite.bsky.social,at://did:plc:3ymiuj4i62eahgcokfo66lrx/app.bsky.feed.post/3m2pl6mesds2m
interrogangbang.bsky.social,uniparasite.bsky.social,at://did:plc:3ymiuj4i62eahgcokfo66lrx/app.bsky.feed.post/3m2pl6mesds2m
kadegreene.bsky.social,uniparasite.bsky.social,at://did:plc:3ymiuj4i62eahgcokfo66lrx/app.bsky.feed.post/3m2pl6mesds2m
moosemunch.bsky.social,uniparasite.bsky.social,at://did:plc:3ymiuj4i62eahgcokfo66lrx/app.bsky.feed.post/3m2pl6mesds2m
rollsjasper.bsky.social,uniparasite.bsky.social,at://did:plc:3ymiuj4i62eahgcokfo66lrx/app.bsky.feed.post/3m2pl6mesds2m
theshinyghost.bsky.social,uniparasite.bsky.social,at://did:plc:3ymiuj4i62eahgcokfo66lrx/app.bsky.feed.post/3m2pl6mesds2m
nullnachosdude.bsky.social,uniparasite.bsky.social,at://did:plc:3ymiuj4i62eahgcokfo66lrx/app.bsky.feed.post/3m2pl6mesds2m
ddduwu.bsky.social,uniparasite.bsky.social,at://did:plc:3ymiuj4i62eahgcokfo66lrx/app.bsky.feed.post/3m2pl6mesds2m
wavebyte.bsky.social,uniparasite.bsky.social,at://did:plc:3ymiuj4i62eahgcokfo66lrx/app.bsky.feed.post/3m2pl6mesds2m
ariel1607.bsky.social,uniparasite.bsky.social,at://did:plc:3ymiuj4i62eahgcokfo66lrx/app.bsky.feed.post/3m2pl6mesds2m
hypergoat.bsky.social,uniparasite.bsky.social,at://did:plc:3ymiuj4i62eahgcokfo66lrx/app.bsky.feed.post/3m2pl6mesds2m
adaclysm.neocities.org,uniparasite.bsky.social,at://did:plc:3ymiuj4i62eahgcokfo66lrx/app.bsky.feed.post/3m2pl6mesds2m
loseitmister.bsky.social,uniparasite.bsky.social,at://did:plc:3ymiuj4i62eahgcokfo66lrx/app.bsky.feed.post/3m2pl6mesds2m
greeeenberryy.bsky.social,uniparasite.bsky.social,at://did:plc:3ymiuj4i62eahgcokfo66lrx/app.bsky.feed.post/3m2pl6mesds2m
zigzag497.bsky.social,uniparasite.bsky.social,at://did:plc:3ymiuj4i62eahgcokfo66lrx/app.bsky.feed.post/3m2pl6mesds2m
apollodelta.bsky.social,uniparasite.bsky.social,at://did:plc:3ymiuj4i62eahgcokfo66lrx/app.bsky.feed.post/3m2pl6mesds2m
alekseidk18.bsky.social,uniparasite.bsky.social,at://did:plc:3ymiuj4i62eahgcokfo66lrx/app.bsky.feed.post/3m2pl6mesds2m
ikad226.bsky.social,uniparasite.bsky.social,at://did:plc:3ymiuj4i62eahgcokfo66lrx/app.bsky.feed.post/3m2pl6mesds2m
ru4seal.bsky.social,uniparasite.bsky.social,at://did:plc:3ymiuj4i62eahgcokfo66lrx/app.bsky.feed.post/3m2pl6mesds2m
gnarlyanimal.bsky.social,uniparasite.bsky.social,at://did:plc:3ymiuj4i62eahgcokfo66lrx/app.bsky.feed.post/3m2pl6mesds2m
bunnymunchie.bsky.social,uniparasite.bsky.social,at://did:plc:3ymiuj4i62eahgcokfo66lrx/app.bsky.feed.post/3m2pl6mesds2m
demon-buns.bsky.social,uniparasite.bsky.social,at://did:plc:3ymiuj4i62eahgcokfo66lrx/app.bsky.feed.post/3m2pl6mesds2m
clownhauler99.bsky.social,uniparasite.bsky.social,at://did:plc:3ymiuj4i62eahgcokfo66lrx/app.bsky.feed.post/3m2pl6mesds2m
kiloshishkabob.bsky.social,uniparasite.bsky.social,at://did:plc:3ymiuj4i62eahgcokfo66lrx/app.bsky.feed.post/3m2pl6mesds2m
croclovmoon.bsky.social,uniparasite.bsky.social,at://did:plc:3ymiuj4i62eahgcokfo66lrx/app.bsky.feed.post/3m2pl6mesds2m
eighttailed.bsky.social,uniparasite.bsky.social,at://did:plc:3ymiuj4i62eahgcokfo66lrx/app.bsky.feed.post/3m2pl6mesds2m
freakitydev.bsky.social,uniparasite.bsky.social,at://did:plc:3ymiuj4i62eahgcokfo66lrx/app.bsky.feed.post/3m2pl6mesds2m
watcherunknown.bsky.social,uniparasite.bsky.social,at://did:plc:3ymiuj4i62eahgcokfo66lrx/app.bsky.feed.post/3m2pl6mesds2m
sum0kum0.bsky.social,uniparasite.bsky.social,at://did:plc:3ymiuj4i62eahgcokfo66lrx/app.bsky.feed.post/3m2pl6mesds2m
bigwoofsy.bsky.social,uniparasite.bsky.social,at://did:plc:3ymiuj4i62eahgcokfo66lrx/app.bsky.feed.post/3m2pl6mesds2m
fcovilla.bsky.social,uniparasite.bsky.social,at://did:plc:3ymiuj4i62eahgcokfo66lrx/app.bsky.feed.post/3m2pl6mesds2m
themasterdon.bsky.social,uniparasite.bsky.social,at://did:plc:3ymiuj4i62eahgcokfo66lrx/app.bsky.feed.post/3m2pl6mesds2m
chompybug.bsky.social,uniparasite.bsky.social,at://did:plc:3ymiuj4i62eahgcokfo66lrx/app.bsky.feed.post/3m2pl6mesds2m
uniparasite.bsky.social,uniparasite.bsky.social,at://did:plc:3ymiuj4i62eahgcokfo66lrx/app.bsky.feed.post/3m2pl6mesds2m
emeralduchiha99.bsky.social,uniparasite.bsky.social,at://did:plc:3ymiuj4i62eahgcokfo66lrx/app.bsky.feed.post/3m2pl6mesds2m
mahelovely.bsky.social,uniparasite.bsky.social,at://did:plc:3ymiuj4i62eahgcokfo66lrx/app.bsky.feed.post/3m2pl6mesds2m
nervousfatboylover.bsky.social,uniparasite.bsky.social,at://did:plc:3ymiuj4i62eahgcokfo66lrx/app.bsky.feed.post/3m2pl6mesds2m
leontwilighthowl.bsky.social,uniparasite.bsky.social,at://did:plc:3ymiuj4i62eahgcokfo66lrx/app.bsky.feed.post/3m2pl6mesds2m
nutdoesart.bsky.social,uniparasite.bsky.social,at://did:plc:3ymiuj4i62eahgcokfo66lrx/app.bsky.feed.post/3m2pl6mesds2m
mikewood73.bsky.social,thatericalper.com,at://did:plc:vax23oilyd4ui2kmqkzupio5/app.bsky.feed.post/3m2pje2wbuq2i
streamerbot.bsky.social,micromera.com,at://did:plc:evqbh4lsxtcktzom3wvfrgw5/app.bsky.feed.post/3m2nobayvrs2u
bellsheepy.bsky.social,peytopskiddlybop.bsky.social,at://did:plc:uofrdccm6mx7jr5e2gk5ldqu/app.bsky.feed.post/3m2nkg3emf22i
snowtailveil.bsky.social,robinsashiko.bsky.social,at://did:plc:mp6em4wjjrrbm74jz2snceq6/app.bsky.feed.post/3m2n63w3t7s2j
huluandebayman.bsky.social,robinsashiko.bsky.social,at://did:plc:mp6em4wjjrrbm74jz2snceq6/app.bsky.feed.post/3m2n63w3t7s2j
streamerbot.bsky.social,kingrah730.bsky.social,at://did:plc:64okhcxmn7yljuz6m22v4h7y/app.bsky.feed.post/3m2n2r67ouk2x
joltieface.bsky.social,robinsashiko.bsky.social,at://did:plc:mp6em4wjjrrbm74jz2snceq6/app.bsky.feed.post/3m2moxasil22j
snowtailveil.bsky.social,robinsashiko.bsky.social,at://did:plc:mp6em4wjjrrbm74jz2snceq6/app.bsky.feed.post/3m2moxasil22j
islumamoth.bsky.social,robinsashiko.bsky.social,at://did:plc:mp6em4wjjrrbm74jz2snceq6/app.bsky.feed.post/3m2mma77o6s2i
robinsashiko.bsky.social,robinsashiko.bsky.social,at://did:plc:mp6em4wjjrrbm74jz2snceq6/app.bsky.feed.post/3m2mma77o6s2i
snowtailveil.bsky.social,robinsashiko.bsky.social,at://did:plc:mp6em4wjjrrbm74jz2snceq6/app.bsky.feed.post/3m2mma77o6s2i
robinsashiko.bsky.social,robinsashiko.bsky.social,at://did:plc:mp6em4wjjrrbm74jz2snceq6/app.bsky.feed.post/3m2mj5qiggs2l
chasetheotter.bsky.social,chasetheotter.bsky.social,at://did:plc:z4jzdutlxabvaouuadqiv244/app.bsky.feed.post/3m2lazk6tws2h
streamerbot.bsky.social,niniconic.bsky.social,at://did:plc:4j7d5ruoajcl4h6b7tgvdlil/app.bsky.feed.post/3m2l2tqeufk2t
bulkiersphinx.bsky.social,revanxiv.bsky.social,at://did:plc:y5ymsebjuvaykhsazlwykk4e/app.bsky.feed.post/3m2kouvztuc27
thanksatan.bsky.social,revanxiv.bsky.social,at://did:plc:y5ymsebjuvaykhsazlwykk4e/app.bsky.feed.post/3m2kouvztuc27
dorothyposting.bsky.social,revanxiv.bsky.social,at://did:plc:y5ymsebjuvaykhsazlwykk4e/app.bsky.feed.post/3m2kouvztuc27
kayayo.bsky.social,revanxiv.bsky.social,at://did:plc:y5ymsebjuvaykhsazlwykk4e/app.bsky.feed.post/3m2kouvztuc27
keeperofthemoon.gay,revanxiv.bsky.social,at://did:plc:y5ymsebjuvaykhsazlwykk4e/app.bsky.feed.post/3m2kouvztuc27
betweenleylines.bsky.social,revanxiv.bsky.social,at://did:plc:y5ymsebjuvaykhsazlwykk4e/app.bsky.feed.post/3m2kouvztuc27
snoozyq.bsky.social,dlknowles.bsky.social,at://did:plc:bonfenuobglfiguxubvmcrow/app.bsky.feed.post/3m2kaxyp5lk2s
lindam174.bsky.social,dlknowles.bsky.social,at://did:plc:bonfenuobglfiguxubvmcrow/app.bsky.feed.post/3m2kaxyp5lk2s
shujiwakahisa.bsky.social,shujiwakahisa.bsky.social,at://did:plc:nmt64ukrrphbh2o3ppnsow2f/app.bsky.feed.post/3m2k75pfp3f23
streamerbot.bsky.social,itschum.bsky.social,at://did:plc:mbd4jtmh43dijjnbpplfc5ay/app.bsky.feed.post/3m2k6xf3m6s2q
kingk70.bsky.social,moruro.bsky.social,at://did:plc:uxyhipdug5r2zzijkwakwzra/app.bsky.feed.post/3m2k44btx4c2z
moruro.bsky.social,moruro.bsky.social,at://did:plc:uxyhipdug5r2zzijkwakwzra/app.bsky.feed.post/3m2k44btx4c2z
gloy.bsky.social,moruro.bsky.social,at://did:plc:uxyhipdug5r2zzijkwakwzra/app.bsky.feed.post/3m2k44btx4c2z
moco13.bsky.social,moruro.bsky.social,at://did:plc:uxyhipdug5r2zzijkwakwzra/app.bsky.feed.post/3m2k44btx4c2z
igorama0.bsky.social,silvazuao.bsky.social,at://did:plc:tyz4k2sbugyxswx4pwnr5nom/app.bsky.feed.post/3m2jpfndsgc2u
shimohikagami.bsky.social,rinj0ker.bsky.social,at://did:plc:2dgfrdwyhembxnetteor6352/app.bsky.feed.post/3m2jdgx6uvk26
taxsermax.bsky.social,adalore.bsky.social,at://did:plc:y75otuuhsarmt7q7mmsd2g4l/app.bsky.feed.post/3m2izpznmrk2p
tuliplynn.bsky.social,weknowgameofficial.bsky.social,at://did:plc:v6iosgpks3kvqh3nkfcer4v4/app.bsky.feed.post/3m2iz7wg37k2w
indiedevbot.bsky.social,weknowgameofficial.bsky.social,at://did:plc:v6iosgpks3kvqh3nkfcer4v4/app.bsky.feed.post/3m2iz7wg37k2w
dqstudio.bsky.social,weknowgameofficial.bsky.social,at://did:plc:v6iosgpks3kvqh3nkfcer4v4/app.bsky.feed.post/3m2iz7wg37k2w
felixisaacs.bsky.social,scarletsong.bsky.social,at://did:plc:vlsfgulesvbb4lj25lmh3tr2/app.bsky.feed.post/3m2inhttnws2v
streamerbot.bsky.social,parfaitbegait.bsky.social,at://did:plc:mwtpca6qjlcvhey22u7ykbrp/app.bsky.feed.post/3m2i6yxcyhc2z
onichuu.bsky.social,parfaitbegait.bsky.social,at://did:plc:mwtpca6qjlcvhey22u7ykbrp/app.bsky.feed.post/3m2i6yxcyhc2z
fireballkitsune.bsky.social,devonvoixvo.bsky.social,at://did:plc:u3wyn2osqn4dtgiyz3fxt4r7/app.bsky.feed.post/3m2hvkif7ts2t
streamerbot.bsky.social,apocalypseferret.bsky.social,at://did:plc:o65sqaxjrutgkwj2hc7fzcb7/app.bsky.feed.post/3m2hsxr377k2z
murinelli.bsky.social,aistalon.bsky.social,at://did:plc:5agpnvapskndmjpwzmtmtf3t/app.bsky.feed.post/3m2gpscxsus25
onichuu.bsky.social,parfaitbegait.bsky.social,at://did:plc:mwtpca6qjlcvhey22u7ykbrp/app.bsky.feed.post/3m2fvtjktsc2j
seolfyr.bsky.social,parfaitbegait.bsky.social,at://did:plc:mwtpca6qjlcvhey22u7ykbrp/app.bsky.feed.post/3m2fvtjktsc2j
reuniclusguy.pmd.social,quartzbunny.bsky.social,at://did:plc:3tgf4rvti3k2gny36f5sbena/app.bsky.feed.post/3m2fujszmg22r
cornethornet.bsky.social,quartzbunny.bsky.social,at://did:plc:3tgf4rvti3k2gny36f5sbena/app.bsky.feed.post/3m2fujszmg22r
raincoatrodent.bsky.social,quartzbunny.bsky.social,at://did:plc:3tgf4rvti3k2gny36f5sbena/app.bsky.feed.post/3m2fujszmg22r
onichuu.bsky.social,parfaitbegait.bsky.social,at://did:plc:mwtpca6qjlcvhey22u7ykbrp/app.bsky.feed.post/3m2fpxhmeyc2j
seolfyr.bsky.social,parfaitbegait.bsky.social,at://did:plc:mwtpca6qjlcvhey22u7ykbrp/app.bsky.feed.post/3m2fpxhmeyc2j
paffles.bsky.social,parfaitbegait.bsky.social,at://did:plc:mwtpca6qjlcvhey22u7ykbrp/app.bsky.feed.post/3m2fpxhmeyc2j
streamerbot.bsky.social,shujiwakahisa.bsky.social,at://did:plc:nmt64ukrrphbh2o3ppnsow2f/app.bsky.feed.post/3m2flhzf2ef2u
realweeb.bsky.social,shubbabang.bsky.social,at://did:plc:wfsm2wvzk7mldtkgdboy7oif/app.bsky.feed.post/3m2fd2afips2a
just-eirik.bsky.social,shubbabang.bsky.social,at://did:plc:wfsm2wvzk7mldtkgdboy7oif/app.bsky.feed.post/3m2fd2afips2a
eveinflatable.bsky.social,aradortd.art,at://did:plc:6ev2ixj3h4simk6udh242vkz/app.bsky.feed.post/3m2f74dumsk2b
remixer1993.bsky.social,aradortd.art,at://did:plc:6ev2ixj3h4simk6udh242vkz/app.bsky.feed.post/3m2f74dumsk2b
parkerjarrell.bsky.social,aradortd.art,at://did:plc:6ev2ixj3h4simk6udh242vkz/app.bsky.feed.post/3m2f74dumsk2b
ynoh.bsky.social,aradortd.art,at://did:plc:6ev2ixj3h4simk6udh242vkz/app.bsky.feed.post/3m2f74dumsk2b
domadet.bsky.social,aradortd.art,at://did:plc:6ev2ixj3h4simk6udh242vkz/app.bsky.feed.post/3m2f74dumsk2b
tntdmd.bsky.social,aradortd.art,at://did:plc:6ev2ixj3h4simk6udh242vkz/app.bsky.feed.post/3m2f74dumsk2b
cutie-team.bsky.social,croaky.bsky.social,at://did:plc:6scpxypfrzlmnub5zdr3ivrb/app.bsky.feed.post/3m2ex3wde5k2p
huntonic.bsky.social,croaky.bsky.social,at://did:plc:6scpxypfrzlmnub5zdr3ivrb/app.bsky.feed.post/3m2ex3wde5k2p
shimohikagami.bsky.social,rinj0ker.bsky.social,at://did:plc:2dgfrdwyhembxnetteor6352/app.bsky.feed.post/3m2e7ftu4hk2n
ramengamer.bsky.social,scratchyderose.bsky.social,at://did:plc:mpxv2lqjkkqjdzytwk2drhkr/app.bsky.feed.post/3m2dkjof2ic27
chums.yorha.vip,scratchyderose.bsky.social,at://did:plc:mpxv2lqjkkqjdzytwk2drhkr/app.bsky.feed.post/3m2dkjof2ic27
suncho.bsky.social,gbstudiocentral.com,at://did:plc:t6fjmgcsa6xn5yfqsxp2tlvd/app.bsky.feed.post/3m2d6eyskwm27
apendley.bsky.social,gbstudiocentral.com,at://did:plc:t6fjmgcsa6xn5yfqsxp2tlvd/app.bsky.feed.post/3m2d6eyskwm27
howdyriceball.itch.io,gbstudiocentral.com,at://did:plc:t6fjmgcsa6xn5yfqsxp2tlvd/app.bsky.feed.post/3m2d6eyskwm27
goosewho.games,gbstudiocentral.com,at://did:plc:t6fjmgcsa6xn5yfqsxp2tlvd/app.bsky.feed.post/3m2d6eyskwm27
robotmeadows.bsky.social,gbstudiocentral.com,at://did:plc:t6fjmgcsa6xn5yfqsxp2tlvd/app.bsky.feed.post/3m2d6eyskwm27
theraspandonly.bsky.social,gbstudiocentral.com,at://did:plc:t6fjmgcsa6xn5yfqsxp2tlvd/app.bsky.feed.post/3m2d6eyskwm27
bardpixel.bsky.social,gbstudiocentral.com,at://did:plc:t6fjmgcsa6xn5yfqsxp2tlvd/app.bsky.feed.post/3m2d6eyskwm27
breathing-retro.bsky.social,gbstudiocentral.com,at://did:plc:t6fjmgcsa6xn5yfqsxp2tlvd/app.bsky.feed.post/3m2d6eyskwm27
danielleri.bsky.social,gbstudiocentral.com,at://did:plc:t6fjmgcsa6xn5yfqsxp2tlvd/app.bsky.feed.post/3m2d6eyskwm27
gameboyscene.bsky.social,gbstudiocentral.com,at://did:plc:t6fjmgcsa6xn5yfqsxp2tlvd/app.bsky.feed.post/3m2d6eyskwm27
shin.itch.io,gbstudiocentral.com,at://did:plc:t6fjmgcsa6xn5yfqsxp2tlvd/app.bsky.feed.post/3m2d6eyskwm27
thesgtsunshine.bsky.social,faerieabuelita.bsky.social,at://did:plc:dzbzpjbhj3y6zunxt4cvxp7v/app.bsky.feed.post/3m2d4mbvvbs2r
henryhorror25.bsky.social,cyberpopdreams.bsky.social,at://did:plc:7gzoaq35hhdbhkaxty2gn7nt/app.bsky.feed.post/3m2cv75ityc2s
elixico91.bsky.social,a5roseb.bsky.social,at://did:plc:t4wmo3ypkx4dny2pjsi2gjep/app.bsky.feed.post/3m2ckk2cdzc2i
eternalroo76.bsky.social,quartzbunny.bsky.social,at://did:plc:3tgf4rvti3k2gny36f5sbena/app.bsky.feed.post/3m2awgvzdfc26
raincoatrodent.bsky.social,quartzbunny.bsky.social,at://did:plc:3tgf4rvti3k2gny36f5sbena/app.bsky.feed.post/3m2awgvzdfc26
quartzbunny.bsky.social,quartzbunny.bsky.social,at://did:plc:3tgf4rvti3k2gny36f5sbena/app.bsky.feed.post/3m2awgvzdfc26
orangesneyeen.bsky.social,nopedope.bsky.social,at://did:plc:vsql2q7qs4rcktdl7yln6hvm/app.bsky.feed.post/3m2au6ihmlk22
lordester666.bsky.social,nopedope.bsky.social,at://did:plc:vsql2q7qs4rcktdl7yln6hvm/app.bsky.feed.post/3m2au6ihmlk22
thebiggestboar.bsky.social,nopedope.bsky.social,at://did:plc:vsql2q7qs4rcktdl7yln6hvm/app.bsky.feed.post/3m2au6ihmlk22
townhousen.bsky.social,nopedope.bsky.social,at://did:plc:vsql2q7qs4rcktdl7yln6hvm/app.bsky.feed.post/3m2au6ihmlk22
tgobbles.bsky.social,nopedope.bsky.social,at://did:plc:vsql2q7qs4rcktdl7yln6hvm/app.bsky.feed.post/3m2au6ihmlk22
demonickitsune.bsky.social,nopedope.bsky.social,at://did:plc:vsql2q7qs4rcktdl7yln6hvm/app.bsky.feed.post/3m2au6ihmlk22
dinodork.bsky.social,nopedope.bsky.social,at://did:plc:vsql2q7qs4rcktdl7yln6hvm/app.bsky.feed.post/3m2au6ihmlk22
mellowsupertoo.bsky.social,nopedope.bsky.social,at://did:plc:vsql2q7qs4rcktdl7yln6hvm/app.bsky.feed.post/3m2au6ihmlk22
feedee64.bsky.social,nopedope.bsky.social,at://did:plc:vsql2q7qs4rcktdl7yln6hvm/app.bsky.feed.post/3m2au6ihmlk22
zepir.bsky.social,nopedope.bsky.social,at://did:plc:vsql2q7qs4rcktdl7yln6hvm/app.bsky.feed.post/3m2au6ihmlk22
gooeygal.bsky.social,nopedope.bsky.social,at://did:plc:vsql2q7qs4rcktdl7yln6hvm/app.bsky.feed.post/3m2au6ihmlk22
krimdelakrim.bsky.social,nopedope.bsky.social,at://did:plc:vsql2q7qs4rcktdl7yln6hvm/app.bsky.feed.post/3m2au6ihmlk22
anonnnim.bsky.social,nopedope.bsky.social,at://did:plc:vsql2q7qs4rcktdl7yln6hvm/app.bsky.feed.post/3m2au6ihmlk22
brcm.bsky.social,nopedope.bsky.social,at://did:plc:vsql2q7qs4rcktdl7yln6hvm/app.bsky.feed.post/3m2au6ihmlk22
knightmess24.bsky.social,nopedope.bsky.social,at://did:plc:vsql2q7qs4rcktdl7yln6hvm/app.bsky.feed.post/3m2au6ihmlk22
trixiee-liz-starzy.bsky.social,tusking.bsky.social,at://did:plc:ykryixu37j47insxgoq3onxl/app.bsky.feed.post/3m2ahbvniyk2f
superweirdone.bsky.social,thebizartist.bsky.social,at://did:plc:nsgnmlmnabfpb2r2jwkowfhc/app.bsky.feed.post/3m2afx5ne3c2j
basicdrawingguy.bsky.social,thebizartist.bsky.social,at://did:plc:nsgnmlmnabfpb2r2jwkowfhc/app.bsky.feed.post/3m2afx5ne3c2j
drgore7.bsky.social,chentomology.bsky.social,at://did:plc:pnfmqb7kzcrsj2jaok2nef4j/app.bsky.feed.post/3m2ac47vwi227
pjshrimp.bsky.social,chentomology.bsky.social,at://did:plc:pnfmqb7kzcrsj2jaok2nef4j/app.bsky.feed.post/3m2ac47vwi227
toothlizard.bsky.social,chentomology.bsky.social,at://did:plc:pnfmqb7kzcrsj2jaok2nef4j/app.bsky.feed.post/3m2ac47vwi227
emmjaytie.bsky.social,chentomology.bsky.social,at://did:plc:pnfmqb7kzcrsj2jaok2nef4j/app.bsky.feed.post/3m2ac47vwi227
timaxehead.bsky.social,chentomology.bsky.social,at://did:plc:pnfmqb7kzcrsj2jaok2nef4j/app.bsky.feed.post/3m2ac47vwi227
blueappaloosa.bsky.social,chentomology.bsky.social,at://did:plc:pnfmqb7kzcrsj2jaok2nef4j/app.bsky.feed.post/3m2ac47vwi227
deltaluxc.bsky.social,chentomology.bsky.social,at://did:plc:pnfmqb7kzcrsj2jaok2nef4j/app.bsky.feed.post/3m2ac47vwi227
izsisu.bsky.social,chentomology.bsky.social,at://did:plc:pnfmqb7kzcrsj2jaok2nef4j/app.bsky.feed.post/3m2ac47vwi227
petrathepostdoc.bsky.social,chentomology.bsky.social,at://did:plc:pnfmqb7kzcrsj2jaok2nef4j/app.bsky.feed.post/3m2ac47vwi227
sealamprey.bsky.social,chentomology.bsky.social,at://did:plc:pnfmqb7kzcrsj2jaok2nef4j/app.bsky.feed.post/3m2ac47vwi227
jaybugjabbers.bsky.social,chentomology.bsky.social,at://did:plc:pnfmqb7kzcrsj2jaok2nef4j/app.bsky.feed.post/3m2ac47vwi227
